{
  "r1_new": {
    "steps": 15,
    "summary": {
      "train/loss": {
        "first": 15.12023657798767,
        "last": 1.721630780696869,
        "best": 1.721630780696869,
        "best_step": 750,
        "delta": -13.398605797290802,
        "pct": -88.61373119515777
      },
      "train/l1_loss": {
        "first": 0.518166720867157,
        "last": 0.22161753475666046,
        "best": 0.20738384127616882,
        "best_step": 600,
        "delta": -0.2965491861104965,
        "pct": -57.2304577209525
      },
      "train/kld_loss": {
        "first": 0.44854655861854553,
        "last": 0.13165166974067688,
        "best": 0.13165166974067688,
        "best_step": 750,
        "delta": -0.31689488887786865,
        "pct": -70.64927437034625
      },
      "train/grad_norm": {
        "first": 249.65621215820312,
        "last": 49.77227973937988,
        "best": 49.43496467590332,
        "best_step": 700,
        "delta": -199.88393241882324,
        "pct": -80.063672636417
      },
      "train/lr": {
        "first": 1.0000000000000013e-05,
        "last": 1.0000000000000013e-05,
        "best": 1.0000000000000013e-05,
        "best_step": 50,
        "delta": 0.0,
        "pct": 0.0
      },
      "train/ot_loss": {
        "first": 0.09214631468057632,
        "last": 0.10943391919136047,
        "best": 5.5904041801113635e-05,
        "best_step": 150,
        "delta": 0.01728760451078415,
        "pct": 18.761037346445956
      },
      "train/ot_ot_loss": {
        "first": 0.09214631468057632,
        "last": 0.10943391919136047,
        "best": 5.5904041801113635e-05,
        "best_step": 150,
        "delta": 0.01728760451078415,
        "pct": 18.761037346445956
      },
      "train/ot_ot_pi_sum": {
        "first": 0.09229539334774017,
        "last": 0.10527289658784866,
        "best": 5.011930625187233e-06,
        "best_step": 150,
        "delta": 0.01297750324010849,
        "pct": 14.060835291175051
      },
      "train/ot_ot_pi_diag": {
        "first": 0.09229539334774017,
        "last": 0.10527289658784866,
        "best": 5.011930625187233e-06,
        "best_step": 150,
        "delta": 0.01297750324010849,
        "pct": 14.060835291175051
      },
      "train/ot_ot_cost/observation.state": {
        "first": 1246.8662109375,
        "last": 1119.482177734375,
        "best": 547.958740234375,
        "best_step": 550,
        "delta": -127.384033203125,
        "pct": -10.216335328178214
      },
      "train/update_s": {
        "first": 0.17328765258193016,
        "last": 0.10491097463294864,
        "best": 0.10467853365465998,
        "best_step": 150,
        "delta": -0.06837667794898152,
        "pct": -39.45848243068475
      },
      "train/dataloading_s": {
        "first": 0.22500691806897521,
        "last": 0.2117935606651008,
        "best": 0.13660835694521667,
        "best_step": 200,
        "delta": -0.013213357403874415,
        "pct": -5.872422731360275
      },
      "eval/offline_eval/avg_loss": {
        "first": 0.6582386951893568,
        "last": 0.36646048352122307,
        "best": 0.36646048352122307,
        "best_step": 750,
        "delta": -0.2917782116681338,
        "pct": -44.327113218975086
      },
      "eval/offline_eval/avg_l1": {
        "first": 0.6582386951893568,
        "last": 0.36646048352122307,
        "best": 0.36646048352122307,
        "best_step": 750,
        "delta": -0.2917782116681338,
        "pct": -44.327113218975086
      }
    }
  },
  "r2_new": {
    "steps": 12,
    "summary": {
      "train/loss": {
        "first": 15.121599292755127,
        "last": 1.9136133861541749,
        "best": 1.9136133861541749,
        "best_step": 600,
        "delta": -13.207985906600952,
        "pct": -87.34516535514948
      },
      "train/l1_loss": {
        "first": 0.518226683139801,
        "last": 0.207829549908638,
        "best": 0.207829549908638,
        "best_step": 600,
        "delta": -0.310397133231163,
        "pct": -59.89601526304056
      },
      "train/kld_loss": {
        "first": 0.44848448038101196,
        "last": 0.15243124961853027,
        "best": 0.15243124961853027,
        "best_step": 600,
        "delta": -0.2960532307624817,
        "pct": -66.01192320195969
      },
      "train/grad_norm": {
        "first": 249.65192001342774,
        "last": 52.6040877532959,
        "best": 50.59049934387207,
        "best_step": 550,
        "delta": -197.04783226013183,
        "pct": -78.92902736319138
      },
      "train/lr": {
        "first": 1.0000000000000013e-05,
        "last": 1.0000000000000013e-05,
        "best": 1.0000000000000013e-05,
        "best_step": 50,
        "delta": 0.0,
        "pct": 0.0
      },
      "train/ot_loss": {
        "first": 2.378691965621016e-10,
        "last": 0.0003268097061663866,
        "best": 2.378691965621016e-10,
        "best_step": 50,
        "delta": 0.00032680946829719004,
        "pct": 136815241.56348288
      },
      "train/ot_ot_loss": {
        "first": 2.378691965621016e-10,
        "last": 0.0003268097061663866,
        "best": 2.378691965621016e-10,
        "best_step": 50,
        "delta": 0.00032680946829719004,
        "pct": 136815241.56348288
      },
      "train/ot_ot_pi_sum": {
        "first": 1.3835006924811655e-11,
        "last": 5.6397686421405524e-05,
        "best": 1.3835006924811655e-11,
        "best_step": 50,
        "delta": 5.63976725863986e-05,
        "pct": 380166135.89895326
      },
      "train/ot_ot_pi_diag": {
        "first": 1.3835006924811655e-11,
        "last": 5.6397686421405524e-05,
        "best": 1.3835006924811655e-11,
        "best_step": 50,
        "delta": 5.63976725863986e-05,
        "pct": 380166135.89895326
      },
      "train/ot_ot_cost/observation.state": {
        "first": 1371.783447265625,
        "last": 1183.82470703125,
        "best": 888.5035400390625,
        "best_step": 550,
        "delta": -187.958740234375,
        "pct": -13.701779286594608
      },
      "train/update_s": {
        "first": 0.1868664459697902,
        "last": 0.10604203674942254,
        "best": 0.10171650627627969,
        "best_step": 450,
        "delta": -0.08082440922036767,
        "pct": -43.25249982706988
      },
      "train/dataloading_s": {
        "first": 0.24599914330989123,
        "last": 0.2014382041245699,
        "best": 0.13979189136996864,
        "best_step": 350,
        "delta": -0.044560939185321335,
        "pct": -18.114266003359884
      },
      "eval/offline_eval/avg_loss": {
        "first": 0.6583223052322864,
        "last": 0.40061276108026506,
        "best": 0.40061276108026506,
        "best_step": 600,
        "delta": -0.25770954415202135,
        "pct": -39.14640930489179
      },
      "eval/offline_eval/avg_l1": {
        "first": 0.6583223052322864,
        "last": 0.40061276108026506,
        "best": 0.40061276108026506,
        "best_step": 600,
        "delta": -0.25770954415202135,
        "pct": -39.14640930489179
      }
    }
  },
  "r3_new": {
    "steps": 12,
    "summary": {
      "train/loss": {
        "first": 15.13907856941223,
        "last": 1.9431035470962525,
        "best": 1.9431035470962525,
        "best_step": 600,
        "delta": -13.195975022315977,
        "pct": -87.16498142084373
      },
      "train/l1_loss": {
        "first": 0.5181589126586914,
        "last": 0.2086753249168396,
        "best": 0.2086753249168396,
        "best_step": 600,
        "delta": -0.3094835877418518,
        "pct": -59.72754307231415
      },
      "train/kld_loss": {
        "first": 0.4484289586544037,
        "last": 0.152285635471344,
        "best": 0.152285635471344,
        "best_step": 600,
        "delta": -0.2961433231830597,
        "pct": -66.04018707244813
      },
      "train/grad_norm": {
        "first": 249.64984436035155,
        "last": 52.5719832611084,
        "best": 50.63099632263184,
        "best_step": 550,
        "delta": -197.07786109924314,