{
  "run_a": {
    "steps": 41,
    "summary": {
      "train/loss": {
        "first": 15.123820838928223,
        "last": 0.7529984068870544,
        "best": 0.7529984068870544,
        "best_step": 2050,
        "delta": -14.37082243204117,
        "pct": -95.0211099767209
      },
      "train/l1_loss": {
        "first": 0.5182102918624878,
        "last": 0.14331690967082977,
        "best": 0.12259426712989807,
        "best_step": 1700,
        "delta": -0.374893382191658,
        "pct": -72.34387044756268
      },
      "train/kld_loss": {
        "first": 0.44845089316368103,
        "last": 0.05633101239800453,
        "best": 0.053734228014945984,
        "best_step": 2000,
        "delta": -0.3921198807656765,
        "pct": -87.43875566809976
      },
      "train/grad_norm": {
        "first": 249.6598565673828,
        "last": 33.493943252563476,
        "best": 32.20638870239258,
        "best_step": 2000,
        "delta": -216.16591331481933,
        "pct": -86.58416947238598
      },
      "train/lr": {
        "first": 1.0000000000000013e-05,
        "last": 1.0000000000000013e-05,
        "best": 1.0000000000000013e-05,
        "best_step": 50,
        "delta": 0.0,
        "pct": 0.0
      },
      "train/ot_loss": {
        "first": 0.12868686020374298,
        "last": 0.0030185296200215816,
        "best": 2.4655057018208026e-07,
        "best_step": 1450,
        "delta": -0.1256683305837214,
        "pct": -97.65436065794204
      },
      "train/ot_ot_loss": {
        "first": 0.12868686020374298,
        "last": 0.0030185296200215816,
        "best": 2.4655057018208026e-07,
        "best_step": 1450,
        "delta": -0.1256683305837214,
        "pct": -97.65436065794204
      },
      "train/ot_ot_pi_sum": {
        "first": 0.11340929567813873,
        "last": 0.0005566942854784429,
        "best": 1.4368390033325795e-08,
        "best_step": 1450,
        "delta": -0.11285260139266029,
        "pct": -99.50912816877599
      },
      "train/ot_ot_pi_diag": {
        "first": 0.11340928822755814,
        "last": 0.0005566943436861038,
        "best": 1.4368389145147376e-08,
        "best_step": 1450,
        "delta": -0.11285259388387203,
        "pct": -99.50912808520218
      },
      "train/ot_ot_cost/observation.state": {
        "first": 1328.3653564453125,
        "last": 1338.3753662109375,
        "best": 765.0638427734375,
        "best_step": 1000,
        "delta": 10.010009765625,
        "pct": 0.7535584782496618
      },
      "train/update_s": {
        "first": 0.172596121635288,
        "last": 0.10503985105082393,
        "best": 0.10366339834406972,
        "best_step": 700,
        "delta": -0.06755627058446408,
        "pct": -39.14124485764835
      },
      "train/dataloading_s": {
        "first": 0.2345599157549441,
        "last": 0.14123616756871343,
        "best": 0.119083362352103,
        "best_step": 200,
        "delta": -0.09332374818623065,
        "pct": -39.78674185888289
      },
      "eval/offline_eval/avg_loss": {
        "first": 0.6577271521091461,
        "last": 0.328751069214195,
        "best": 0.32635622564703226,
        "best_step": 1750,
        "delta": -0.3289760828949511,
        "pct": -50.017105396898565
      },
      "eval/offline_eval/avg_l1": {
        "first": 0.6577271521091461,
        "last": 0.328751069214195,
        "best": 0.32635622564703226,
        "best_step": 1750,
        "delta": -0.3289760828949511,
        "pct": -50.017105396898565
      }
    }
  },
  "run_b": {
    "steps": 41,
    "summary": {
      "train/loss": {
        "first": 15.118070039749146,
        "last": 0.7496032214164734,
        "best": 0.7496032214164734,
        "best_step": 2050,
        "delta": -14.368466818332672,
        "pct": -95.04167384165748
      },
      "train/l1_loss": {
        "first": 0.5181756019592285,
        "last": 0.14339813590049744,
        "best": 0.12267602980136871,
        "best_step": 1700,
        "delta": -0.3747774660587311,
        "pct": -72.32634354859037
      },
      "train/kld_loss": {
        "first": 0.44844865798950195,
        "last": 0.056125834584236145,
        "best": 0.053571999073028564,
        "best_step": 2000,
        "delta": -0.3923228234052658,
        "pct": -87.48444585903414
      },
      "train/grad_norm": {
        "first": 249.6530111694336,
        "last": 33.330325050354006,
        "best": 32.089637718200684,
        "best_step": 2000,
        "delta": -216.3226861190796,
        "pct": -86.64933986006106
      },
      "train/lr": {
        "first": 1.0000000000000013e-05,
        "last": 1.0000000000000013e-05,
        "best": 1.0000000000000013e-05,
        "best_step": 50,
        "delta": 0.0,
        "pct": 0.0
      },
      "train/ot_loss": {
        "first": 2.4179311456279428e-15,
        "last": 1.007451899681655e-08,
        "best": 1.770026962185419e-15,
        "best_step": 1850,
        "delta": 1.0074516578885405e-08,
        "pct": 1005021.5848963911
      },
      "train/ot_ot_loss": {
        "first": 2.4179311456279428e-15,
        "last": 1.007451899681655e-08,
        "best": 1.770026962185419e-15,
        "best_step": 1850,
        "delta": 1.0074516578885405e-08,
        "pct": 1005021.5848963911
      },
      "train/ot_ot_pi_sum": {
        "first": 1.4048766702173658e-16,
        "last": 1.065640020669889e-09,
        "best": 1.0136297696004403e-16,
        "best_step": 1850,
        "delta": 1.065639880182222e-09,
        "pct": 106549.01919509203
      },
      "train/ot_ot_pi_diag": {
        "first": 1.4048766702173658e-16,
        "last": 1.065640020669889e-09,
        "best": 1.0136297696004403e-16,
        "best_step": 1850,
        "delta": 1.065639880182222e-09,
        "pct": 106549.01919509203
      },
      "train/ot_ot_cost/observation.state": {
        "first": 1373.024169921875,
        "last": 1351.2679443359375,
        "best": 819.5126953125,
        "best_step": 1200,
        "delta": -21.7562255859375,
        "pct": -1.5845478952621361
      },
      "train/update_s": {
        "first": 0.17235353084281088,
        "last": 0.10572462674230337,
        "best": 0.104428089261055,
        "best_step": 2000,
        "delta": -0.06662890410050751,
        "pct": -38.65827626176543
      },
      "train/dataloading_s": {
        "first": 0.22630834924057125,
        "last": 0.11974383583292365,
        "best": 0.11487805243581534,
        "best_step": 200,
        "delta": -0.1065645134076476,
        "pct": -47.0881935044721
      },
      "eval/offline_eval/avg_loss": {
        "first": 0.6579268574714661,
        "last": 0.3271259665489197,
        "best": 0.3271259665489197,
        "best_step": 2050,
        "delta": -0.3308008909225464,
        "pct": -50.27928061690205
      },
      "eval/offline_eval/avg_l1": {
        "first": 0.6579268574714661,
        "last": 0.3271259665489197,
        "best": 0.3271259665489197,
        "best_step": 2050,
        "delta": -0.3308008909225464,
        "pct": -50.27928061690205
      }
    }
  }
}