{
  "r1": {
    "steps": 25,
    "summary": {
      "train/loss": {
        "first": 15.13960153579712,
        "last": 1.2575216364860535,
        "best": 1.2575216364860535,
        "best_step": 1250,
        "delta": -13.882079899311066,
        "pct": -91.69382606593972
      },
      "train/l1_loss": {
        "first": 0.5182511210441589,
        "last": 0.16201621294021606,
        "best": 0.16201621294021606,
        "best_step": 1250,
        "delta": -0.35623490810394287,
        "pct": -68.7378943600783
      },
      "train/kld_loss": {
        "first": 0.44846153259277344,
        "last": 0.10088759660720825,
        "best": 0.10088759660720825,
        "best_step": 1250,
        "delta": -0.3475739359855652,
        "pct": -77.50362310347931
      },
      "train/grad_norm": {
        "first": 249.6705480957031,
        "last": 40.965462646484376,
        "best": 40.965462646484376,
        "best_step": 1250,
        "delta": -208.70508544921873,
        "pct": -83.59219260784317
      },
      "train/lr": {
        "first": 1.0000000000000013e-05,
        "last": 1.0000000000000013e-05,
        "best": 1.0000000000000013e-05,
        "best_step": 50,
        "delta": 0.0,
        "pct": 0.0
      },
      "train/ot_loss": {
        "first": 0.19601774215698242,
        "last": 0.05121951550245285,
        "best": 0.0002044711436610669,
        "best_step": 250,
        "delta": -0.14479822665452957,
        "pct": -73.86995945388863
      },
      "train/ot_ot_loss": {
        "first": 0.19601774215698242,
        "last": 0.05121951550245285,
        "best": 0.0002044711436610669,
        "best_step": 250,
        "delta": -0.14479822665452957,
        "pct": -73.86995945388863
      },
      "train/ot_ot_pi_sum": {
        "first": 0.16676902770996094,
        "last": 0.09312740713357925,
        "best": 1.511010941612767e-05,
        "best_step": 250,
        "delta": -0.07364162057638168,
        "pct": -44.15785208271114
      },
      "train/ot_ot_pi_diag": {
        "first": 0.16676902770996094,
        "last": 0.09312740713357925,
        "best": 1.511010941612767e-05,
        "best_step": 250,
        "delta": -0.07364162057638168,
        "pct": -44.15785208271114
      },
      "train/ot_ot_cost/observation.state": {
        "first": 1327.714599609375,
        "last": 1093.1329345703125,
        "best": 761.0869140625,
        "best_step": 1000,
        "delta": -234.5816650390625,
        "pct": -17.668079051633406
      },
      "train/update_s": {
        "first": 0.18052023472264409,
        "last": 0.11074163557961583,
        "best": 0.10235438611358404,
        "best_step": 100,
        "delta": -0.06977859914302825,
        "pct": -38.65417040358458
      },
      "train/dataloading_s": {
        "first": 0.2495686250925064,
        "last": 0.19509501587599515,
        "best": 0.11908836675807834,
        "best_step": 200,
        "delta": -0.05447360921651126,
        "pct": -21.827106350448304
      },
      "eval/offline_eval/avg_loss": {
        "first": 0.6585375271737576,
        "last": 0.3428909178823233,
        "best": 0.3428909178823233,
        "best_step": 1250,
        "delta": -0.3156466092914343,
        "pct": -47.931453602289615
      },
      "eval/offline_eval/avg_l1": {
        "first": 0.6585375271737576,
        "last": 0.3428909178823233,
        "best": 0.3428909178823233,
        "best_step": 1250,
        "delta": -0.3156466092914343,
        "pct": -47.931453602289615
      }
    }
  },
  "r2": {
    "steps": 25,
    "summary": {
      "train/loss": {
        "first": 15.121716012954712,
        "last": 1.2483797287940979,
        "best": 1.2483797287940979,
        "best_step": 1250,
        "delta": -13.873336284160615,
        "pct": -91.74445725785662
      },
      "train/l1_loss": {
        "first": 0.5182217359542847,
        "last": 0.1618407666683197,
        "best": 0.1618407666683197,
        "best_step": 1250,
        "delta": -0.35638096928596497,
        "pct": -68.76997712745799
      },
      "train/kld_loss": {
        "first": 0.4484912157058716,
        "last": 0.10057085752487183,
        "best": 0.10057085752487183,
        "best_step": 1250,
        "delta": -0.34792035818099976,
        "pct": -77.57573526443298
      },
      "train/grad_norm": {
        "first": 249.65407241821288,
        "last": 40.80993682861328,
        "best": 40.80993682861328,
        "best_step": 1250,
        "delta": -208.8441355895996,
        "pct": -83.65340631806296
      },
      "train/lr": {
        "first": 1.0000000000000013e-05,
        "last": 1.0000000000000013e-05,
        "best": 1.0000000000000013e-05,
        "best_step": 50,
        "delta": 0.0,
        "pct": 0.0
      },
      "train/ot_loss": {
        "first": 2.378713614969996e-10,
        "last": 0.03071012534201145,
        "best": 2.378713614969996e-10,
        "best_step": 50,
        "delta": 0.03071012510414009,
        "pct": 12856344482.520073
      },
      "train/ot_ot_loss": {
        "first": 2.378713614969996e-10,
        "last": 0.03071012534201145,
        "best": 2.378713614969996e-10,
        "best_step": 50,
        "delta": 0.03071012510414009,
        "pct": 12856344482.520073
      },
      "train/ot_ot_pi_sum": {
        "first": 1.3835139631157567e-11,
        "last": 0.07204706966876984,
        "best": 1.3835139631157567e-11,
        "best_step": 50,
        "delta": 0.0720470696549347,
        "pct": 485651442765.10565
      },
      "train/ot_ot_pi_diag": {
        "first": 1.3835139631157567e-11,
        "last": 0.07204706966876984,
        "best": 1.3835139631157567e-11,
        "best_step": 50,
        "delta": 0.0720470696549347,
        "pct": 485651442765.10565
      },
      "train/ot_ot_cost/observation.state": {
        "first": 1371.783203125,
        "last": 1090.1015625,
        "best": 815.7764282226562,
        "best_step": 1200,
        "delta": -281.681640625,
        "pct": -20.53397650469207
      },
      "train/update_s": {
        "first": 0.17389154396951198,
        "last": 0.10577499767765403,
        "best": 0.10477806469425559,
        "best_step": 150,
        "delta": -0.06811654629185795,
        "pct": -39.17185662772018
      },
      "train/dataloading_s": {
        "first": 0.2518545234017074,
        "last": 0.19943904832005502,
        "best": 0.13955365054309368,
        "best_step": 350,
        "delta": -0.05241547508165237,
        "pct": -20.811806106750637
      },
      "eval/offline_eval/avg_loss": {
        "first": 0.6581535391509533,
        "last": 0.3460437297821045,
        "best": 0.34512243773788215,
        "best_step": 1100,
        "delta": -0.3121098093688488,
        "pct": -47.42203616666862
      },
      "eval/offline_eval/avg_l1": {
        "first": 0.6581535391509533,
        "last": 0.3460437297821045,
        "best": 0.34512243773788215,
        "best_step": 1100,
        "delta": -0.3121098093688488,
        "pct": -47.42203616666862
      }
    }
  },
  "r3": {
    "steps": 13,
    "summary": {
      "train/loss": {
        "first": 15.121387033462524,
        "last": 1.853894591331482,
        "best": 1.853894591331482,
        "best_step": 650,
        "delta": -13.267492442131042,
        "pct": -87.73991706428897
      },
      "train/l1_loss": {
        "first": 0.518108606338501,
        "last": 0.2190125584602356,
        "best": 0.20884044468402863,
        "best_step": 600,
        "delta": -0.2990960478782654,
        "pct": -57.72844616332753
      },
      "train/kld_loss": {
        "first": 0.4485459327697754,
        "last": 0.17287465929985046,
        "best": 0.1524145007133484,
        "best_step": 600,
        "delta": -0.2756712734699249,
        "pct": -61.45887262136959
      },
      "train/grad_norm": {
        "first": 249.649150390625,
        "last": 50.78063674926758,
        "best": 50.61389549255371,
        "best_step": 550,
        "delta": -198.86851364135742,