{
  "train/loss": {
    "first": 15.117259407043457,
    "last": 0.5244041585922241,
    "best": 0.5244041585922241,
    "best_step": 2600,
    "delta": -14.592855248451233,
    "pct": -96.53108976651642
  },
  "train/l1_loss": {
    "first": 0.5182429552078247,
    "last": 0.1068086251616478,
    "best": 0.1068086251616478,
    "best_step": 2600,
    "delta": -0.4114343300461769,
    "pct": -79.39024079553391
  },
  "train/kld_loss": {
    "first": 0.4485040605068207,
    "last": 0.03894191235303879,
    "best": 0.036329396069049835,
    "best_step": 2500,
    "delta": -0.4095621481537819,
    "pct": -91.31737797201956
  },
  "train/grad_norm": {
    "first": 249.65357223510742,
    "last": 27.414779586791994,
    "best": 27.135353088378906,
    "best_step": 2450,
    "delta": -222.23879264831544,
    "pct": -89.0188714940656
  },
  "train/lr": {
    "first": 1.0000000000000013e-05,
    "last": 1.0000000000000013e-05,
    "best": 1.0000000000000013e-05,
    "best_step": 50,
    "delta": 0.0,
    "pct": 0.0
  },
  "train/ot_loss": {
    "first": 0,
    "last": 0.0041754222474992275,
    "best": 0,
    "best_step": 50
  },
  "train/ot_ot_loss": {
    "first": 0,
    "last": 0.0041754222474992275,
    "best": 0,
    "best_step": 50
  },
  "train/ot_ot_pi_sum": {
    "first": 0,
    "last": 0.06707533448934555,
    "best": 0,
    "best_step": 50
  },
  "train/ot_ot_pi_diag": {
    "first": 0,
    "last": 0.06707533448934555,
    "best": 0,
    "best_step": 50
  },
  "train/ot_ot_cost/observation.state": {
    "first": 1437.15283203125,
    "last": 1449.083251953125,
    "best": 866.4083251953125,
    "best_step": 1200,
    "delta": 11.930419921875,
    "pct": 0.8301427416743644
  },
  "train/update_s": {
    "first": 0.18549878319725394,
    "last": 0.1071578861027956,
    "best": 0.10418288925662637,
    "best_step": 750,
    "delta": -0.07834089709445834,
    "pct": -42.23256656661225
  },
  "train/dataloading_s": {
    "first": 0.22538008453324437,
    "last": 0.1673101106286049,
    "best": 0.10653363283723592,
    "best_step": 1100,
    "delta": -0.05806997390463947,
    "pct": -25.765352792658256
  },
  "eval/offline_eval/avg_loss": {
    "first": 0.6581765223294497,
    "last": 0.3214521577581763,
    "best": 0.31095165489241483,
    "best_step": 2400,
    "delta": -0.33672436457127336,
    "pct": -51.160190791827524
  },
  "eval/offline_eval/avg_l1": {
    "first": 0.6581765223294497,
    "last": 0.3214521577581763,
    "best": 0.31095165489241483,
    "best_step": 2400,
    "delta": -0.33672436457127336,
    "pct": -51.160190791827524
  }
}